{"cameraMode":{"drawMode":0,"name":"Shaded","section":"Shading Mode"},"sceneLighting":false,"audioPlay":false,"sceneViewState":{"showFog":true,"showMaterialUpdate":false,"showSkybox":false,"showFlares":true,"showImageEffects":true,"showParticleSystems":true},"in2DMode":false,"pivot":{"x":-24.054969787597658,"y":19.450193405151368,"z":-15.390504837036133},"rotation":{"x":0.0009332621702924371,"y":0.9927485585212708,"z":-0.12001711875200272,"w":0.00774407060816884},"size":10.0,"orthographic":false}