{"cameraMode":{"drawMode":0,"name":"Shaded","section":"Shading Mode"},"sceneLighting":false,"audioPlay":false,"sceneViewState":{"showFog":true,"showMaterialUpdate":false,"showSkybox":false,"showFlares":true,"showImageEffects":true,"showParticleSystems":true},"in2DMode":false,"pivot":{"x":0.0,"y":0.00605957955121994,"z":-0.01211894303560257},"rotation":{"x":-0.03377106413245201,"y":0.9443971514701843,"z":-0.10268844664096832,"w":-0.3105539381504059},"size":0.1570459008216858,"orthographic":false}