{"cameraMode":{"drawMode":0,"name":"Shaded","section":"Shading Mode"},"sceneLighting":false,"audioPlay":false,"sceneViewState":{"showFog":true,"showMaterialUpdate":false,"showSkybox":false,"showFlares":true,"showImageEffects":true,"showParticleSystems":true},"in2DMode":false,"pivot":{"x":-10.838465690612793,"y":2.4866724014282228,"z":0.24673843383789063},"rotation":{"x":-0.1432662159204483,"y":0.6730018854141235,"z":-0.13523808121681214,"w":-0.7129291296005249},"size":10.0,"orthographic":false}