{"cameraMode":{"drawMode":0,"name":"Shaded","section":"Shading Mode"},"sceneLighting":false,"audioPlay":false,"sceneViewState":{"showFog":true,"showMaterialUpdate":false,"showSkybox":false,"showFlares":true,"showImageEffects":true,"showParticleSystems":true},"in2DMode":false,"pivot":{"x":0.05696796625852585,"y":1.137289047241211,"z":1.7415155172348023},"rotation":{"x":-0.21003231406211854,"y":0.6533434391021729,"z":-0.19589705765247346,"w":-0.7004769444465637},"size":1.1998543739318848,"orthographic":false}