{"cameraMode":{"drawMode":0,"name":"Shaded","section":"Shading Mode"},"sceneLighting":false,"audioPlay":false,"sceneViewState":{"showFog":true,"showMaterialUpdate":false,"showSkybox":false,"showFlares":true,"showImageEffects":true,"showParticleSystems":true},"in2DMode":false,"pivot":{"x":-0.09206512570381165,"y":0.7672643661499023,"z":-0.09036564826965332},"rotation":{"x":-0.001059980015270412,"y":0.9925600290298462,"z":-0.12150519341230393,"w":-0.008635127916932106},"size":1.3920087814331055,"orthographic":false}