{"cameraMode":{"drawMode":0,"name":"Shaded","section":"Shading Mode"},"sceneLighting":false,"audioPlay":false,"sceneViewState":{"showFog":true,"showMaterialUpdate":false,"showSkybox":false,"showFlares":true,"showImageEffects":true,"showParticleSystems":true},"in2DMode":false,"pivot":{"x":-0.7411881685256958,"y":-8.437725067138672,"z":1.4121614694595338},"rotation":{"x":0.051892660558223727,"y":-0.3385345935821533,"z":-0.018710657954216005,"w":-0.9393515586853027},"size":2.6085445880889894,"orthographic":false}