{"cameraMode":{"drawMode":0,"name":"Shaded","section":"Shading Mode"},"sceneLighting":false,"audioPlay":false,"sceneViewState":{"showFog":true,"showMaterialUpdate":false,"showSkybox":false,"showFlares":true,"showImageEffects":true,"showParticleSystems":true},"in2DMode":false,"pivot":{"x":5.7110419273376469,"y":0.4879961609840393,"z":-6.980708122253418},"rotation":{"x":-0.3701057434082031,"y":-0.5635842084884644,"z":0.31149202585220339,"w":-0.6696444153785706},"size":2.88942813873291,"orthographic":false}