{"cameraMode":{"drawMode":0,"name":"Shaded","section":"Shading Mode"},"sceneLighting":true,"audioPlay":false,"sceneViewState":{"showFog":true,"showMaterialUpdate":false,"showSkybox":false,"showFlares":true,"showImageEffects":true,"showParticleSystems":true},"in2DMode":false,"pivot":{"x":-2.5094008445739748,"y":-0.9516374468803406,"z":3.0893826484680177},"rotation":{"x":-0.14613193273544312,"y":0.7966684103012085,"z":-0.21304750442504884,"w":-0.5464341044425964},"size":4.426781177520752,"orthographic":false}