{"cameraMode":{"drawMode":0,"name":"Shaded","section":"Shading Mode"},"sceneLighting":false,"audioPlay":false,"sceneViewState":{"showFog":true,"showMaterialUpdate":false,"showSkybox":false,"showFlares":true,"showImageEffects":true,"showParticleSystems":true},"in2DMode":false,"pivot":{"x":0.8802867531776428,"y":0.6992547512054443,"z":-1.8005540370941163},"rotation":{"x":0.007672605104744434,"y":0.9908742308616638,"z":-0.11828286200761795,"w":0.06429927796125412},"size":2.709656000137329,"orthographic":false}