{"cameraMode":{"drawMode":0,"name":"Shaded","section":"Shading Mode"},"sceneLighting":false,"audioPlay":false,"sceneViewState":{"showFog":true,"showMaterialUpdate":false,"showSkybox":false,"showFlares":true,"showImageEffects":true,"showParticleSystems":true},"in2DMode":false,"pivot":{"x":4.78086519241333,"y":2.1231160163879396,"z":-3.999135971069336},"rotation":{"x":0.01901143230497837,"y":0.9797686338424683,"z":-0.16345731914043427,"w":0.11396753042936325},"size":2.2763352394104006,"orthographic":false}