{"cameraMode":{"drawMode":0,"name":"Shaded","section":"Shading Mode"},"sceneLighting":false,"audioPlay":false,"sceneViewState":{"showFog":true,"showMaterialUpdate":false,"showSkybox":false,"showFlares":true,"showImageEffects":true,"showParticleSystems":true},"in2DMode":false,"pivot":{"x":1.0257277488708497,"y":3.130173683166504,"z":-53.10026550292969},"rotation":{"x":-0.21003231406211854,"y":0.6533434391021729,"z":-0.19589705765247346,"w":-0.7004769444465637},"size":6.547112941741943,"orthographic":false}