{"cameraMode":{"drawMode":0,"name":"Shaded","section":"Shading Mode"},"sceneLighting":false,"audioPlay":false,"sceneViewState":{"showFog":true,"showMaterialUpdate":false,"showSkybox":false,"showFlares":true,"showImageEffects":true,"showParticleSystems":true},"in2DMode":false,"pivot":{"x":-0.1437266767024994,"y":0.8058555126190186,"z":-0.16284310817718507},"rotation":{"x":0.0060060108080506329,"y":0.9910751581192017,"z":-0.12434258311986923,"w":0.04790711775422096},"size":1.0805652141571046,"orthographic":false}