{"cameraMode":{"drawMode":0,"name":"Shaded","section":"Shading Mode"},"sceneLighting":false,"audioPlay":false,"sceneViewState":{"showFog":true,"showMaterialUpdate":false,"showSkybox":false,"showFlares":true,"showImageEffects":true,"showParticleSystems":true},"in2DMode":false,"pivot":{"x":3.930000066757202,"y":0.27976998686790469,"z":74.72000122070313},"rotation":{"x":-0.3701057434082031,"y":-0.5635842084884644,"z":0.31149202585220339,"w":-0.6696444153785706},"size":5.107395172119141,"orthographic":false}