{"cameraMode":{"drawMode":0,"name":"Shaded","section":"Shading Mode"},"sceneLighting":true,"audioPlay":false,"sceneViewState":{"showFog":true,"showMaterialUpdate":false,"showSkybox":false,"showFlares":true,"showImageEffects":true,"showParticleSystems":true},"in2DMode":false,"pivot":{"x":-1468.857666015625,"y":828.9403686523438,"z":-328.8887634277344},"rotation":{"x":-0.040403708815574649,"y":0.9595080018043518,"z":-0.1898203343153,"w":-0.20420973002910615},"size":4223.6083984375,"orthographic":false}