{"cameraMode":{"drawMode":0,"name":"Shaded","section":"Shading Mode"},"sceneLighting":false,"audioPlay":false,"sceneViewState":{"showFog":true,"showMaterialUpdate":false,"showSkybox":false,"showFlares":true,"showImageEffects":true,"showParticleSystems":true},"in2DMode":false,"pivot":{"x":-0.5259438753128052,"y":0.8846069574356079,"z":0.2094491571187973},"rotation":{"x":-0.01256750337779522,"y":0.9873639941215515,"z":-0.11786331236362457,"w":-0.10525357723236084},"size":1.1208019256591797,"orthographic":false}