{"cameraMode":{"drawMode":0,"name":"Shaded","section":"Shading Mode"},"sceneLighting":false,"audioPlay":false,"sceneViewState":{"showFog":true,"showMaterialUpdate":false,"showSkybox":false,"showFlares":true,"showImageEffects":true,"showParticleSystems":true},"in2DMode":false,"pivot":{"x":0.02696666121482849,"y":0.797269344329834,"z":-0.00984334945678711},"rotation":{"x":-0.10438575595617295,"y":0.8925344347953796,"z":-0.3470129370689392,"w":-0.26848313212394717},"size":1.1446727514266968,"orthographic":false}