{"cameraMode":{"drawMode":0,"name":"Shaded","section":"Shading Mode"},"sceneLighting":false,"audioPlay":false,"sceneViewState":{"showFog":true,"showMaterialUpdate":false,"showSkybox":false,"showFlares":true,"showImageEffects":true,"showParticleSystems":true},"in2DMode":false,"pivot":{"x":1.1920928955078126e-7,"y":0.9133851528167725,"z":0.009227097034454346},"rotation":{"x":-0.02597501501441002,"y":0.9710421562194824,"z":-0.12478844076395035,"w":-0.20210206508636475},"size":1.3880975246429444,"orthographic":false}