{"cameraMode":{"drawMode":0,"name":"Shaded","section":"Shading Mode"},"sceneLighting":false,"audioPlay":false,"sceneViewState":{"showFog":true,"showMaterialUpdate":false,"showSkybox":false,"showFlares":true,"showImageEffects":true,"showParticleSystems":true},"in2DMode":false,"pivot":{"x":1.7881393432617188e-7,"y":0.9136980175971985,"z":0.0005306452512741089},"rotation":{"x":-0.02597501501441002,"y":0.9710421562194824,"z":-0.12478844076395035,"w":-0.20210206508636475},"size":1.3800584077835084,"orthographic":false}