{"cameraMode":{"drawMode":0,"name":"Shaded","section":"Shading Mode"},"sceneLighting":false,"audioPlay":false,"sceneViewState":{"showFog":true,"showMaterialUpdate":false,"showSkybox":false,"showFlares":true,"showImageEffects":true,"showParticleSystems":true},"in2DMode":false,"pivot":{"x":-19.30225372314453,"y":-2.9250216484069826,"z":-8.911760330200196},"rotation":{"x":-0.14613193273544312,"y":0.7966684103012085,"z":-0.21304750442504884,"w":-0.5464341044425964},"size":1.5749999284744263,"orthographic":false}