{"cameraMode":{"drawMode":0,"name":"Shaded","section":"Shading Mode"},"sceneLighting":false,"audioPlay":false,"sceneViewState":{"showFog":true,"showMaterialUpdate":false,"showSkybox":false,"showFlares":true,"showImageEffects":true,"showParticleSystems":true},"in2DMode":false,"pivot":{"x":1.1920928955078126e-7,"y":0.9138011932373047,"z":0.0},"rotation":{"x":-0.024475719779729844,"y":0.9733973741531372,"z":-0.12509113550186158,"w":-0.1904352903366089},"size":1.3847795724868775,"orthographic":false}