{"cameraMode":{"drawMode":0,"name":"Shaded","section":"Shading Mode"},"sceneLighting":false,"audioPlay":false,"sceneViewState":{"showFog":true,"showMaterialUpdate":false,"showSkybox":false,"showFlares":true,"showImageEffects":true,"showParticleSystems":true},"in2DMode":false,"pivot":{"x":-0.11008016020059586,"y":0.9808186888694763,"z":-0.3467221260070801},"rotation":{"x":0.0061719645746052269,"y":0.9868184924125671,"z":-0.15703551471233369,"w":0.03880245238542557},"size":1.6806755065917969,"orthographic":false}