{"cameraMode":{"drawMode":0,"name":"Shaded","section":"Shading Mode"},"sceneLighting":false,"audioPlay":false,"sceneViewState":{"showFog":true,"showMaterialUpdate":false,"showSkybox":false,"showFlares":true,"showImageEffects":true,"showParticleSystems":true},"in2DMode":false,"pivot":{"x":11.179123878479004,"y":-6.66270637512207,"z":63.545196533203128},"rotation":{"x":-0.13631662726402284,"y":-0.8049325942993164,"z":0.20287194848060609,"w":-0.5407537817955017},"size":12.580405235290528,"orthographic":false}