{"cameraMode":{"drawMode":0,"name":"Shaded","section":"Shading Mode"},"sceneLighting":false,"audioPlay":false,"sceneViewState":{"showFog":true,"showMaterialUpdate":false,"showSkybox":false,"showFlares":true,"showImageEffects":true,"showParticleSystems":true},"in2DMode":false,"pivot":{"x":-1.1739710569381714,"y":0.48529139161109927,"z":0.9018106460571289},"rotation":{"x":-0.03377106413245201,"y":0.9443971514701843,"z":-0.10268844664096832,"w":-0.3105539381504059},"size":1.4521783590316773,"orthographic":false}