{"cameraMode":{"drawMode":0,"name":"Shaded","section":"Shading Mode"},"sceneLighting":false,"audioPlay":false,"sceneViewState":{"showFog":true,"showMaterialUpdate":false,"showSkybox":false,"showFlares":true,"showImageEffects":true,"showParticleSystems":true},"in2DMode":false,"pivot":{"x":1.1920928955078126e-7,"y":0.9133895635604858,"z":0.02223062515258789},"rotation":{"x":-0.001059980015270412,"y":0.9925600290298462,"z":-0.12150519341230393,"w":-0.008635127916932106},"size":1.3901926279067994,"orthographic":false}