{"cameraMode":{"drawMode":0,"name":"Shaded","section":"Shading Mode"},"sceneLighting":false,"audioPlay":false,"sceneViewState":{"showFog":true,"showMaterialUpdate":false,"showSkybox":false,"showFlares":true,"showImageEffects":true,"showParticleSystems":true},"in2DMode":false,"pivot":{"x":0.18326681852340699,"y":1.1096315383911133,"z":-0.01520693302154541},"rotation":{"x":-0.10438575595617295,"y":0.8925344347953796,"z":-0.3470129370689392,"w":-0.26848313212394717},"size":2.3271195888519289,"orthographic":false}