{"cameraMode":{"drawMode":0,"name":"Shaded","section":"Shading Mode"},"sceneLighting":false,"audioPlay":false,"sceneViewState":{"showFog":true,"showMaterialUpdate":false,"showSkybox":false,"showFlares":true,"showImageEffects":true,"showParticleSystems":true},"in2DMode":false,"pivot":{"x":0.20162387192249299,"y":1.2583236694335938,"z":-0.4873201847076416},"rotation":{"x":0.002174344379454851,"y":0.9964535236358643,"z":-0.02721996046602726,"w":0.07968642562627793},"size":1.6913261413574219,"orthographic":false}