{"cameraMode":{"drawMode":0,"name":"Shaded","section":"Shading Mode"},"sceneLighting":false,"audioPlay":false,"sceneViewState":{"showFog":true,"showMaterialUpdate":false,"showSkybox":false,"showFlares":true,"showImageEffects":true,"showParticleSystems":true},"in2DMode":false,"pivot":{"x":-2.3006045818328859,"y":2.5801055431365969,"z":-4.684025764465332},"rotation":{"x":-0.2803069055080414,"y":0.6342549324035645,"z":-0.26540377736091616,"w":-0.6698683500289917},"size":12.294236183166504,"orthographic":false}