{"cameraMode":{"drawMode":0,"name":"Shaded","section":"Shading Mode"},"sceneLighting":false,"audioPlay":false,"sceneViewState":{"showFog":true,"showMaterialUpdate":false,"showSkybox":false,"showFlares":true,"showImageEffects":true,"showParticleSystems":true},"in2DMode":false,"pivot":{"x":-1.6658653020858765,"y":-1.008180022239685,"z":-0.9769225716590881},"rotation":{"x":-0.014490941539406777,"y":0.8473703861236572,"z":-0.02314462512731552,"w":-0.530314028263092},"size":0.599982738494873,"orthographic":false}