{"cameraMode":{"drawMode":0,"name":"Shaded","section":"Shading Mode"},"sceneLighting":false,"audioPlay":false,"sceneViewState":{"showFog":true,"showMaterialUpdate":false,"showSkybox":false,"showFlares":true,"showImageEffects":true,"showParticleSystems":true},"in2DMode":false,"pivot":{"x":0.10625505447387696,"y":1.7881393432617188e-7,"z":-0.04527932405471802},"rotation":{"x":0.04868678003549576,"y":-0.9490414261817932,"z":0.18391411006450654,"w":0.2514008581638336},"size":1.37621009349823,"orthographic":false}