{"cameraMode":{"drawMode":0,"name":"Shaded","section":"Shading Mode"},"sceneLighting":true,"audioPlay":false,"sceneViewState":{"showFog":true,"showMaterialUpdate":false,"showSkybox":true,"showFlares":true,"showImageEffects":true,"showParticleSystems":true},"in2DMode":false,"pivot":{"x":-17.709083557128908,"y":0.07486534118652344,"z":-23.96722412109375},"rotation":{"x":-0.008200382813811303,"y":0.8825491070747376,"z":-0.015356026589870453,"w":-0.4699948728084564},"size":10.0,"orthographic":false}