{"cameraMode":{"drawMode":0,"name":"Shaded","section":"Shading Mode"},"sceneLighting":false,"audioPlay":false,"sceneViewState":{"showFog":true,"showMaterialUpdate":false,"showSkybox":false,"showFlares":true,"showImageEffects":true,"showParticleSystems":true},"in2DMode":false,"pivot":{"x":0.41422563791275027,"y":1.0241931676864625,"z":-0.8779056072235107},"rotation":{"x":0.00920561421662569,"y":0.9898529648780823,"z":-0.11966723948717118,"w":0.07617111504077912},"size":1.6535238027572632,"orthographic":false}