{"cameraMode":{"drawMode":0,"name":"Shaded","section":"Shading Mode"},"sceneLighting":false,"audioPlay":false,"sceneViewState":{"showFog":true,"showMaterialUpdate":false,"showSkybox":false,"showFlares":true,"showImageEffects":true,"showParticleSystems":true},"in2DMode":false,"pivot":{"x":-0.5911080241203308,"y":0.5947980284690857,"z":0.5379844307899475},"rotation":{"x":-0.10438575595617295,"y":0.8925344347953796,"z":-0.3470129370689392,"w":-0.26848313212394717},"size":0.9096559286117554,"orthographic":false}