{"cameraMode":{"drawMode":0,"name":"Shaded","section":"Shading Mode"},"sceneLighting":false,"audioPlay":false,"sceneViewState":{"showFog":true,"showMaterialUpdate":false,"showSkybox":false,"showFlares":true,"showImageEffects":true,"showParticleSystems":true},"in2DMode":false,"pivot":{"x":0.00026898831129074097,"y":0.8198904395103455,"z":0.029287835583090783},"rotation":{"x":-0.023412613198161126,"y":0.9571799635887146,"z":-0.08089056611061096,"w":-0.27700334787368777},"size":1.4281524419784547,"orthographic":false}