{"cameraMode":{"drawMode":0,"name":"Shaded","section":"Shading Mode"},"sceneLighting":false,"audioPlay":false,"sceneViewState":{"showFog":true,"showMaterialUpdate":false,"showSkybox":false,"showFlares":true,"showImageEffects":true,"showParticleSystems":true},"in2DMode":false,"pivot":{"x":-2.809999942779541,"y":0.7300000190734863,"z":-7.110000133514404},"rotation":{"x":0.002174344379454851,"y":0.9964535236358643,"z":-0.02721996046602726,"w":0.07968642562627793},"size":11.067819595336914,"orthographic":false}