{"cameraMode":{"drawMode":0,"name":"Shaded","section":"Shading Mode"},"sceneLighting":false,"audioPlay":false,"sceneViewState":{"showFog":true,"showMaterialUpdate":false,"showSkybox":false,"showFlares":true,"showImageEffects":true,"showParticleSystems":true},"in2DMode":false,"pivot":{"x":8.161534309387207,"y":2.4866724014282228,"z":0.24673843383789063},"rotation":{"x":0.029820948839187623,"y":0.8776770830154419,"z":0.05509689822793007,"w":-0.47515591979026797},"size":6.0073957443237309,"orthographic":false}