{"cameraMode":{"drawMode":0,"name":"Shaded","section":"Shading Mode"},"sceneLighting":false,"audioPlay":false,"sceneViewState":{"showFog":true,"showMaterialUpdate":false,"showSkybox":false,"showFlares":true,"showImageEffects":true,"showParticleSystems":true},"in2DMode":false,"pivot":{"x":0.3251878619194031,"y":1.2883458137512208,"z":-0.40466880798339846},"rotation":{"x":-0.004629339091479778,"y":0.9953323006629944,"z":-0.06309837847948075,"w":-0.07298819720745087},"size":1.9356787204742432,"orthographic":false}