{"cameraMode":{"drawMode":0,"name":"Shaded","section":"Shading Mode"},"sceneLighting":false,"audioPlay":false,"sceneViewState":{"showFog":true,"showMaterialUpdate":false,"showSkybox":false,"showFlares":true,"showImageEffects":true,"showParticleSystems":true},"in2DMode":false,"pivot":{"x":2.384185791015625e-7,"y":1.038299322128296,"z":-0.013628587126731873},"rotation":{"x":-0.21003231406211854,"y":0.6533434391021729,"z":-0.19589705765247346,"w":-0.7004769444465637},"size":1.1998543739318848,"orthographic":false}