{"cameraMode":{"drawMode":0,"name":"Shaded","section":"Shading Mode"},"sceneLighting":false,"audioPlay":false,"sceneViewState":{"showFog":true,"showMaterialUpdate":false,"showSkybox":false,"showFlares":true,"showImageEffects":true,"showParticleSystems":true},"in2DMode":false,"pivot":{"x":0.009602606296539307,"y":-5.960464477539063e-8,"z":0.002008795738220215},"rotation":{"x":0.04868678003549576,"y":-0.9490414261817932,"z":0.18391411006450654,"w":0.2514008581638336},"size":2.7062442302703859,"orthographic":false}