{"cameraMode":{"drawMode":0,"name":"Shaded","section":"Shading Mode"},"sceneLighting":false,"audioPlay":false,"sceneViewState":{"showFog":true,"showMaterialUpdate":false,"showSkybox":false,"showFlares":true,"showImageEffects":true,"showParticleSystems":true},"in2DMode":false,"pivot":{"x":-1.0567114353179932,"y":0.9763166308403015,"z":0.7354432344436646},"rotation":{"x":-0.03377106413245201,"y":0.9443971514701843,"z":-0.10268844664096832,"w":-0.3105539381504059},"size":2.316650629043579,"orthographic":false}