{"cameraMode":{"drawMode":0,"name":"Shaded","section":"Shading Mode"},"sceneLighting":false,"audioPlay":false,"sceneViewState":{"showFog":true,"showMaterialUpdate":false,"showSkybox":false,"showFlares":true,"showImageEffects":true,"showParticleSystems":true},"in2DMode":false,"pivot":{"x":0.063717320561409,"y":1.0177464485168458,"z":0.37559938430786135},"rotation":{"x":-0.00030020673875696957,"y":0.9974938631057739,"z":-0.0707506388425827,"w":-0.00418902188539505},"size":1.11600923538208,"orthographic":false}