{"cameraMode":{"drawMode":0,"name":"Shaded","section":"Shading Mode"},"sceneLighting":true,"audioPlay":false,"sceneViewState":{"showFog":true,"showMaterialUpdate":false,"showSkybox":false,"showFlares":true,"showImageEffects":true,"showParticleSystems":true},"in2DMode":false,"pivot":{"x":0.004900097846984863,"y":-0.00025704503059387207,"z":0.08310217410326004},"rotation":{"x":-0.1432662159204483,"y":0.6730018854141235,"z":-0.13523808121681214,"w":-0.7129291296005249},"size":3.708832025527954,"orthographic":false}