{"cameraMode":{"drawMode":0,"name":"Shaded","section":"Shading Mode"},"sceneLighting":false,"audioPlay":false,"sceneViewState":{"showFog":true,"showMaterialUpdate":false,"showSkybox":false,"showFlares":true,"showImageEffects":true,"showParticleSystems":true},"in2DMode":false,"pivot":{"x":-0.33138126134872439,"y":0.9199846386909485,"z":-0.144234299659729},"rotation":{"x":-0.010214114561676979,"y":0.9897834658622742,"z":-0.10311967134475708,"w":-0.0980096310377121},"size":1.6799345016479493,"orthographic":false}