{"cameraMode":{"drawMode":0,"name":"Shaded","section":"Shading Mode"},"sceneLighting":false,"audioPlay":false,"sceneViewState":{"showFog":true,"showMaterialUpdate":false,"showSkybox":false,"showFlares":true,"showImageEffects":true,"showParticleSystems":true},"in2DMode":false,"pivot":{"x":-1.5706216096878052,"y":3.4274089336395265,"z":-1.413698434829712},"rotation":{"x":-0.08130906522274018,"y":0.902384877204895,"z":-0.19546020030975343,"w":-0.3753676116466522},"size":0.000017404556274414063,"orthographic":false}