{"cameraMode":{"drawMode":0,"name":"Shaded","section":"Shading Mode"},"sceneLighting":false,"audioPlay":false,"sceneViewState":{"showFog":true,"showMaterialUpdate":false,"showSkybox":false,"showFlares":true,"showImageEffects":true,"showParticleSystems":true},"in2DMode":false,"pivot":{"x":-0.18349012732505799,"y":0.933115541934967,"z":-0.3321033716201782},"rotation":{"x":0.0040897405706346039,"y":0.9870160222053528,"z":-0.15858538448810578,"w":0.02547125145792961},"size":1.0816786289215088,"orthographic":false}