{"cameraMode":{"drawMode":0,"name":"Shaded","section":"Shading Mode"},"sceneLighting":false,"audioPlay":false,"sceneViewState":{"showFog":true,"showMaterialUpdate":false,"showSkybox":false,"showFlares":true,"showImageEffects":true,"showParticleSystems":true},"in2DMode":false,"pivot":{"x":3.930000066757202,"y":0.27976998686790469,"z":74.72000122070313},"rotation":{"x":-0.06455176323652268,"y":-0.7999204993247986,"z":0.08745304495096207,"w":-0.590227484703064},"size":10.0,"orthographic":false}