{"cameraMode":{"drawMode":0,"name":"Shaded","section":"Shading Mode"},"sceneLighting":false,"audioPlay":false,"sceneViewState":{"showFog":true,"showMaterialUpdate":false,"showSkybox":false,"showFlares":true,"showImageEffects":true,"showParticleSystems":true},"in2DMode":false,"pivot":{"x":-0.13864359259605409,"y":-0.32984161376953127,"z":0.3046402633190155},"rotation":{"x":-0.0605672150850296,"y":0.9120455384254456,"z":-0.3784344792366028,"w":-0.14596886932849885},"size":2.532571792602539,"orthographic":false}