{"cameraMode":{"drawMode":0,"name":"Shaded","section":"Shading Mode"},"sceneLighting":false,"audioPlay":false,"sceneViewState":{"showFog":true,"showMaterialUpdate":false,"showSkybox":false,"showFlares":true,"showImageEffects":true,"showParticleSystems":true},"in2DMode":false,"pivot":{"x":-0.19494786858558656,"y":3.059253215789795,"z":0.0596197172999382},"rotation":{"x":-0.02854084223508835,"y":0.970123827457428,"z":-0.14246420562267304,"w":-0.1943313181400299},"size":1.3763353824615479,"orthographic":false}