{"cameraMode":{"drawMode":0,"name":"Shaded","section":"Shading Mode"},"sceneLighting":false,"audioPlay":false,"sceneViewState":{"showFog":true,"showMaterialUpdate":false,"showSkybox":false,"showFlares":true,"showImageEffects":true,"showParticleSystems":true},"in2DMode":false,"pivot":{"x":0.01392105221748352,"y":0.4579867720603943,"z":-0.1122678890824318},"rotation":{"x":-0.21003231406211854,"y":0.6533434391021729,"z":-0.19589705765247346,"w":-0.7004769444465637},"size":0.5808955430984497,"orthographic":false}