{"cameraMode":{"drawMode":0,"name":"Shaded","section":"Shading Mode"},"sceneLighting":false,"audioPlay":false,"sceneViewState":{"showFog":true,"showMaterialUpdate":false,"showSkybox":false,"showFlares":true,"showImageEffects":true,"showParticleSystems":true},"in2DMode":false,"pivot":{"x":6.28000020980835,"y":16.315000534057618,"z":-19.469999313354493},"rotation":{"x":-0.08130906522274018,"y":0.902384877204895,"z":-0.19546020030975343,"w":-0.3753676116466522},"size":4.572549819946289,"orthographic":false}