{"cameraMode":{"drawMode":0,"name":"Shaded","section":"Shading Mode"},"sceneLighting":false,"audioPlay":false,"sceneViewState":{"showFog":true,"showMaterialUpdate":false,"showSkybox":false,"showFlares":true,"showImageEffects":true,"showParticleSystems":true},"in2DMode":false,"pivot":{"x":-0.16648414731025697,"y":0.947831392288208,"z":0.2582489848136902},"rotation":{"x":0.0013449873076751829,"y":0.9939091205596924,"z":-0.10958186537027359,"w":0.012226123362779618},"size":1.124596118927002,"orthographic":false}