{"cameraMode":{"drawMode":0,"name":"Shaded","section":"Shading Mode"},"sceneLighting":false,"audioPlay":false,"sceneViewState":{"showFog":true,"showMaterialUpdate":false,"showSkybox":false,"showFlares":true,"showImageEffects":true,"showParticleSystems":true},"in2DMode":false,"pivot":{"x":1.1920928955078126e-7,"y":0.91330885887146,"z":0.0032607614994049074},"rotation":{"x":-0.03377106413245201,"y":0.9443971514701843,"z":-0.10268844664096832,"w":-0.3105539381504059},"size":1.3842061758041382,"orthographic":false}