{"cameraMode":{"drawMode":0,"name":"Shaded","section":"Shading Mode"},"sceneLighting":false,"audioPlay":false,"sceneViewState":{"showFog":true,"showMaterialUpdate":false,"showSkybox":false,"showFlares":true,"showImageEffects":true,"showParticleSystems":true},"in2DMode":false,"pivot":{"x":-14.722525596618653,"y":16.023635864257814,"z":-9.966413497924805},"rotation":{"x":-0.1432662159204483,"y":0.6730018854141235,"z":-0.13523808121681214,"w":-0.7129291296005249},"size":6.148781776428223,"orthographic":false}