{"cameraMode":{"drawMode":0,"name":"Shaded","section":"Shading Mode"},"sceneLighting":false,"audioPlay":false,"sceneViewState":{"showFog":true,"showMaterialUpdate":false,"showSkybox":false,"showFlares":true,"showImageEffects":true,"showParticleSystems":true},"in2DMode":false,"pivot":{"x":-0.1921394020318985,"y":0.5968055129051209,"z":-0.13969607651233674},"rotation":{"x":-0.0029023245442658664,"y":0.9955340623855591,"z":-0.08864635974168778,"w":-0.032565221190452579},"size":0.9096559286117554,"orthographic":false}