{"cameraMode":{"drawMode":0,"name":"Shaded","section":"Shading Mode"},"sceneLighting":false,"audioPlay":false,"sceneViewState":{"showFog":true,"showMaterialUpdate":false,"showSkybox":false,"showFlares":true,"showImageEffects":true,"showParticleSystems":true},"in2DMode":false,"pivot":{"x":-1.4947969913482667,"y":1.2100001573562623,"z":-0.22461223602294923},"rotation":{"x":-0.1432662159204483,"y":0.6730018854141235,"z":-0.13523808121681214,"w":-0.7129291296005249},"size":4.849742412567139,"orthographic":false}