{"cameraMode":{"drawMode":0,"name":"Shaded","section":"Shading Mode"},"sceneLighting":false,"audioPlay":false,"sceneViewState":{"showFog":true,"showMaterialUpdate":false,"showSkybox":false,"showFlares":true,"showImageEffects":true,"showParticleSystems":true},"in2DMode":false,"pivot":{"x":-0.0030095772817730905,"y":1.3038970232009888,"z":-1.0556000471115113},"rotation":{"x":-0.00025052629644051194,"y":0.9997594952583313,"z":0.016187597066164018,"w":0.015297780744731427},"size":2.297928810119629,"orthographic":false}