{"cameraMode":{"drawMode":0,"name":"Shaded","section":"Shading Mode"},"sceneLighting":false,"audioPlay":false,"sceneViewState":{"showFog":true,"showMaterialUpdate":false,"showSkybox":false,"showFlares":true,"showImageEffects":true,"showParticleSystems":true},"in2DMode":false,"pivot":{"x":-0.9973481893539429,"y":5.0045647621154789,"z":0.0},"rotation":{"x":-0.14613193273544312,"y":0.7966684103012085,"z":-0.21304750442504884,"w":-0.5464341044425964},"size":1.1085155010223389,"orthographic":false}