{"cameraMode":{"drawMode":0,"name":"Shaded","section":"Shading Mode"},"sceneLighting":false,"audioPlay":false,"sceneViewState":{"showFog":true,"showMaterialUpdate":false,"showSkybox":false,"showFlares":true,"showImageEffects":true,"showParticleSystems":true},"in2DMode":false,"pivot":{"x":-10.00285816192627,"y":-6.587465286254883,"z":10.506607055664063},"rotation":{"x":-0.21798600256443025,"y":0.47196075320243838,"z":-0.1216711774468422,"w":-0.8455445170402527},"size":10.047032356262207,"orthographic":false}