{"cameraMode":{"drawMode":0,"name":"Shaded","section":"Shading Mode"},"sceneLighting":false,"audioPlay":false,"sceneViewState":{"showFog":true,"showMaterialUpdate":false,"showSkybox":false,"showFlares":true,"showImageEffects":true,"showParticleSystems":true},"in2DMode":false,"pivot":{"x":-0.0000023245811462402345,"y":1.0309977531433106,"z":-0.3576597571372986},"rotation":{"x":-0.023412613198161126,"y":0.9571799635887146,"z":-0.08089056611061096,"w":-0.27700334787368777},"size":1.5001251697540284,"orthographic":false}